gene_ensembl_id,Hugo_Gene_Symbol,selection_frequency
ENSG00000175416.16,CLTB,1.0
ENSG00000090889.12,KIF4A,1.0
ENSG00000284015.1,MIR1281,1.0
ENSG00000164142.16,FAM160A1,1.0
ENSG00000011201.12,ANOS1,1.0
ENSG00000215105.4,TTC3P1,1.0
ENSG00000064692.20,SNCAIP,1.0
ENSG00000153956.16,CACNA2D1,1.0
ENSG00000206384.10,COL6A6,0.98
ENSG00000169933.16,FRMPD4,0.96
ENSG00000169306.10,IL1RAPL1,0.96
ENSG00000162409.11,PRKAA2,0.96
ENSG00000159128.15,IFNGR2,0.96
ENSG00000205592.15,MUC19,0.96
ENSG00000182208.14,MOB2,0.9
ENSG00000224227.3,OR2L1P,0.9
ENSG00000224539.1,SAGE4P,0.88
ENSG00000184840.12,TMED9,0.86
ENSG00000138162.19,TACC2,0.86
ENSG00000123144.11,TRIR,0.86
ENSG00000120708.17,TGFBI,0.86
ENSG00000160570.14,DEDD2,0.86
ENSG00000163931.16,TKT,0.84
ENSG00000230510.7,PPP5D1,0.84
ENSG00000184232.9,OAF,0.84
ENSG00000170615.15,SLC26A5,0.82
ENSG00000233220.3,LINC00167,0.82
ENSG00000104904.12,OAZ1,0.8
ENSG00000260314.3,MRC1,0.8
ENSG00000179010.15,MRFAP1,0.8
ENSG00000161642.18,ZNF385A,0.8
ENSG00000115137.12,DNAJC27,0.78
ENSG00000113269.14,RNF130,0.78
ENSG00000175602.4,CCDC85B,0.78
ENSG00000164713.10,BRI3,0.76
ENSG00000131401.11,NAPSB,0.76
ENSG00000135363.12,LMO2,0.76
ENSG00000214212.9,C19orf38,0.74
ENSG00000101825.8,MXRA5,0.74
ENSG00000154370.16,TRIM11,0.74
ENSG00000078098.14,FAP,0.72
ENSG00000129226.14,CD68,0.72
ENSG00000011600.12,TYROBP,0.72
ENSG00000186350.12,RXRA,0.72
ENSG00000131669.10,NINJ1,0.7
ENSG00000164309.15,CMYA5,0.7
ENSG00000171813.14,PWWP2B,0.7
ENSG00000197915.7,HRNR,0.7
ENSG00000117748.10,RPA2,0.68
ENSG00000204021.5,LIPK,0.68
ENSG00000196188.12,CTSE,0.68
ENSG00000101220.18,C20orf27,0.68
ENSG00000136938.9,ANP32B,0.66
ENSG00000156219.17,ART3,0.66
ENSG00000198113.3,TOR4A,0.66
ENSG00000074771.4,NOX3,0.66
ENSG00000171763.20,SPATA5L1,0.64
ENSG00000126838.10,PZP,0.64
ENSG00000205269.6,TMEM170B,0.64
ENSG00000155465.20,SLC7A7,0.64
ENSG00000107518.18,ATRNL1,0.62
ENSG00000183098.11,GPC6,0.62
ENSG00000081803.16,CADPS2,0.62
ENSG00000150977.11,RILPL2,0.6
ENSG00000234841.4,RP11-119H12.4,0.6
ENSG00000258429.2,PDF,0.6
ENSG00000111783.13,RFX4,0.6
ENSG00000148090.12,AUH,0.58
ENSG00000133597.11,ADCK2,0.58
ENSG00000196632.10,WNK3,0.58
ENSG00000267277.1,CTD-2342J14.6,0.58
ENSG00000128536.16,CDHR3,0.56
ENSG00000159335.18,PTMS,0.56
ENSG00000229807.13,XIST,0.56
ENSG00000007001.13,UPP2,0.56
ENSG00000127241.18,MASP1,0.56
ENSG00000114374.13,USP9Y,0.54
ENSG00000123191.16,ATP7B,0.54
ENSG00000284741.1,PDE11A,0.54
ENSG00000250145.1,CTD-2285G11.1,0.54
ENSG00000001626.16,CFTR,0.54
ENSG00000070614.15,NDST1,0.54
ENSG00000107262.26,BAG1,0.54
ENSG00000122970.16,IFT81,0.52
ENSG00000185972.6,CCIN,0.52
ENSG00000080819.9,CPOX,0.52
ENSG00000146540.15,C7orf50,0.52
ENSG00000002834.18,LASP1,0.52
ENSG00000196081.10,ZNF724,0.52
ENSG00000205730.7,ITPRIPL2,0.52
ENSG00000287234.1,RP11-167N5.6,0.5
ENSG00000067177.15,PHKA1,0.5
ENSG00000156194.18,PPEF2,0.5
ENSG00000198670.12,LPA,0.5
ENSG00000153487.13,ING1,0.5
ENSG00000282757.4,DUXB,0.5
ENSG00000122705.17,CLTA,0.48
ENSG00000168658.19,VWA3B,0.48
ENSG00000012817.16,KDM5D,0.46
ENSG00000163749.18,CCDC158,0.46
ENSG00000103811.18,CTSH,0.46
ENSG00000169126.16,ODAD2,0.46
ENSG00000285410.1,GABPB1-IT1,0.46
ENSG00000237115.2,RP1-131F15.2,0.44
ENSG00000119688.21,ABCD4,0.44
ENSG00000077063.11,CTTNBP2,0.44
ENSG00000123384.14,LRP1,0.44
ENSG00000183779.7,ZNF703,0.44
ENSG00000121316.11,PLBD1,0.44
ENSG00000198610.11,AKR1C4,0.44
ENSG00000185247.15,MAGEA11,0.44
ENSG00000126254.12,RBM42,0.42
ENSG00000175426.11,PCSK1,0.42
ENSG00000232030.3,MAGEB6B,0.42
ENSG00000142409.6,ZNF787,0.42
ENSG00000126787.13,DLGAP5,0.4
ENSG00000145321.13,GC,0.4
MSTRG.167987,,0.4
ENSG00000113249.13,HAVCR1,0.4
ENSG00000138061.12,CYP1B1,0.4
ENSG00000085265.11,FCN1,0.4
ENSG00000111640.15,GAPDH,0.4
ENSG00000113296.14,THBS4,0.4
ENSG00000134376.17,CRB1,0.38
ENSG00000131747.15,TOP2A,0.38
ENSG00000250423.2,KIAA1210,0.38
ENSG00000100364.19,KIAA0930,0.38
ENSG00000109061.10,MYH1,0.38
ENSG00000169255.15,B3GALNT1,0.38
ENSG00000132854.19,KANK4,0.38
MSTRG.341030,,0.38
ENSG00000153237.18,CCDC148,0.36
ENSG00000124827.7,GCM2,0.36
ENSG00000183185.9,GABRR3,0.36
ENSG00000175348.11,TMEM9B,0.36
ENSG00000277778.2,PGM5P2,0.36
ENSG00000162959.14,MEMO1,0.36
ENSG00000182329.14,KIAA2012,0.36
ENSG00000183878.16,UTY,0.36
ENSG00000106328.10,FSCN3,0.36
ENSG00000162783.11,IER5,0.34
ENSG00000273957.1,RP11-346J10.3,0.34
ENSG00000119457.8,SLC46A2,0.34
ENSG00000185448.11,FAM47A,0.34
ENSG00000171495.17,MROH2B,0.34
MSTRG.829625,,0.34
ENSG00000104213.13,PDGFRL,0.34
ENSG00000183291.17,SELENOF,0.34
ENSG00000163221.9,S100A12,0.34
ENSG00000168078.10,PBK,0.32
ENSG00000198053.12,SIRPA,0.32
ENSG00000104915.15,STX10,0.32
ENSG00000224416.2,IFNA22P,0.32
ENSG00000133636.11,NTS,0.32
ENSG00000160883.11,HK3,0.32
ENSG00000079112.10,CDH17,0.32
ENSG00000165192.14,ASB11,0.32
ENSG00000144355.15,DLX1,0.32
ENSG00000055070.17,SZRD1,0.32
ENSG00000258405.11,ZNF578,0.32
ENSG00000119655.11,NPC2,0.32
ENSG00000158125.10,XDH,0.3
ENSG00000188290.11,HES4,0.3
ENSG00000188186.10,LAMTOR4,0.3
ENSG00000105404.11,RABAC1,0.3
ENSG00000168282.6,MGAT2,0.3
ENSG00000198797.7,BRINP2,0.3
ENSG00000215277.8,RNF212B,0.3
ENSG00000162753.13,SLC9C2,0.28
MSTRG.101655,,0.28
ENSG00000152591.15,DSPP,0.28
ENSG00000101439.9,CST3,0.28
ENSG00000123843.13,C4BPB,0.28
ENSG00000115850.10,LCT,0.28
ENSG00000149133.1,OR5F1,0.28
ENSG00000282815.1,TEX13C,0.28
ENSG00000198022.6,SAGE2P,0.26
ENSG00000259388.1,CTD-2647E9.1,0.26
ENSG00000182768.9,NGRN,0.26
ENSG00000198758.11,EPS8L3,0.26
ENSG00000144452.15,ABCA12,0.26
ENSG00000060491.17,OGFR,0.26
ENSG00000197497.11,ZNF665,0.24
ENSG00000137674.4,MMP20,0.24
ENSG00000110077.15,MS4A6A,0.24
ENSG00000170848.16,PSG6,0.24
ENSG00000072315.4,TRPC5,0.24
ENSG00000004948.16,CALCR,0.24
ENSG00000067048.17,DDX3Y,0.24
ENSG00000140406.4,TLNRD1,0.24
ENSG00000139915.21,MDGA2,0.22
ENSG00000169403.12,PTAFR,0.22
ENSG00000171853.16,TRAPPC12,0.22
ENSG00000105281.12,SLC1A5,0.22
ENSG00000102195.10,GPR50,0.22
ENSG00000166634.7,SERPINB12,0.22
ENSG00000144840.10,RABL3,0.22
ENSG00000214561.3,RBBP4P4,0.22
ENSG00000103507.14,BCKDK,0.22
ENSG00000133318.14,RTN3,0.22
ENSG00000103490.14,PYCARD,0.22
ENSG00000165349.12,SLC7A3,0.22
ENSG00000177732.9,SOX12,0.22
MSTRG.799208,,0.22
ENSG00000099725.14,PRKY,0.22
ENSG00000159461.15,AMFR,0.22
ENSG00000147649.10,MTDH,0.22
ENSG00000054116.12,TRAPPC3,0.22
ENSG00000264006.8,AKR1C8P,0.2
ENSG00000260240.4,APOOP5,0.2
ENSG00000023902.14,PLEKHO1,0.2
ENSG00000110693.19,SOX6,0.2
ENSG00000213512.3,GBP7,0.2
ENSG00000082014.17,SMARCD3,0.2
ENSG00000145757.16,SPATA9,0.2
ENSG00000155657.28,TTN,0.2
ENSG00000141526.18,SLC16A3,0.2
ENSG00000075643.6,MOCOS,0.2
ENSG00000160404.18,TOR2A,0.2
ENSG00000149925.22,ALDOA,0.2
ENSG00000160999.10,SH2B2,0.2
ENSG00000107874.11,CUEDC2,0.2
ENSG00000198947.18,DMD,0.2
ENSG00000177733.7,HNRNPA0,0.2
ENSG00000124466.9,LYPD3,0.2
ENSG00000218586.3,RP4-791C19.1,0.18
ENSG00000131446.17,MGAT1,0.18
ENSG00000157087.20,ATP2B2,0.18
ENSG00000204193.11,TXNDC8,0.18
ENSG00000186517.14,ARHGAP30,0.18
ENSG00000178719.17,GRINA,0.18
ENSG00000123091.5,RNF11,0.18
ENSG00000181631.7,P2RY13,0.18
ENSG00000146166.17,LGSN,0.18
ENSG00000130749.10,ZC3H4,0.18
ENSG00000030582.18,GRN,0.18
ENSG00000197956.10,S100A6,0.18
ENSG00000137504.15,CREBZF,0.18
ENSG00000139318.8,DUSP6,0.18
ENSG00000164500.7,SPATA48,0.18
ENSG00000243978.8,RTL9,0.18
ENSG00000156140.10,ADAMTS3,0.18
ENSG00000124762.14,CDKN1A,0.18
ENSG00000069206.15,ADAM7,0.18
ENSG00000141449.15,GREB1L,0.18
ENSG00000028137.19,TNFRSF1B,0.18
MSTRG.341039,,0.18
ENSG00000168143.9,FAM83B,0.18
ENSG00000116996.10,ZP4,0.18
ENSG00000138316.11,ADAMTS14,0.18
ENSG00000174837.15,ADGRE1,0.16
ENSG00000181358.3,CTAGE10P,0.16
ENSG00000262406.3,MMP12,0.16
ENSG00000158156.9,XKR8,0.16
ENSG00000073169.14,SELENOO,0.16
ENSG00000197629.6,MPEG1,0.16
ENSG00000177191.2,B3GNT8,0.16
ENSG00000198795.11,ZNF521,0.16
ENSG00000177599.13,ZNF491,0.16
ENSG00000143341.12,HMCN1,0.16
ENSG00000148702.15,HABP2,0.16
ENSG00000184788.14,SATL1,0.16
ENSG00000243137.8,PSG4,0.16
ENSG00000108861.9,DUSP3,0.16
ENSG00000111321.11,LTBR,0.16
ENSG00000186335.9,SLC36A2,0.16
ENSG00000105383.15,CD33,0.16
ENSG00000286887.1,RP3-528L19.1,0.16
ENSG00000168124.2,OR1F1,0.16
ENSG00000164129.12,NPY5R,0.16
MSTRG.89296,,0.16
ENSG00000147082.18,CCNB3,0.16
ENSG00000184698.5,OR51M1,0.14
ENSG00000134287.10,ARF3,0.14
ENSG00000120658.13,ENOX1,0.14
ENSG00000170613.4,FAM71B,0.14
ENSG00000197565.16,COL4A6,0.14
ENSG00000038427.16,VCAN,0.14
ENSG00000177666.17,PNPLA2,0.14
ENSG00000170468.8,RIOX1,0.14
ENSG00000214042.1,IFNA7,0.14
ENSG00000180660.8,MAB21L1,0.14
ENSG00000152952.12,PLOD2,0.14
ENSG00000130304.17,SLC27A1,0.14
ENSG00000175697.11,GPR156,0.14
ENSG00000139269.3,INHBE,0.14
ENSG00000136295.15,TTYH3,0.14
ENSG00000164932.13,CTHRC1,0.14
ENSG00000168907.13,PLA2G4F,0.14
ENSG00000133124.12,IRS4,0.14
ENSG00000058085.15,LAMC2,0.14
ENSG00000116745.7,RPE65,0.14
ENSG00000101160.15,CTSZ,0.14
ENSG00000103187.8,COTL1,0.14
ENSG00000196562.14,SULF2,0.14
ENSG00000026025.16,VIM,0.14
ENSG00000140945.17,CDH13,0.12
ENSG00000233020.1,CHORDC1P5,0.12
ENSG00000087086.15,FTL,0.12
ENSG00000066336.12,SPI1,0.12
ENSG00000136826.15,KLF4,0.12
ENSG00000185313.9,SCN10A,0.12
ENSG00000217576.7,RP11-248G5.8,0.12
ENSG00000196611.6,MMP1,0.12
ENSG00000102007.11,PLP2,0.12
ENSG00000076716.9,GPC4,0.12
ENSG00000100596.7,SPTLC2,0.12
ENSG00000091428.18,RAPGEF4,0.12
ENSG00000160013.9,PTGIR,0.12
ENSG00000142544.7,CTU1,0.12
ENSG00000171587.15,DSCAM,0.12
ENSG00000092964.18,DPYSL2,0.12
ENSG00000176531.10,PHLDB3,0.12
ENSG00000151650.8,VENTX,0.12
ENSG00000187747.2,OR52B6,0.12
ENSG00000189221.10,MAOA,0.12
ENSG00000127554.13,GFER,0.12
ENSG00000236032.3,OR5H14,0.1
ENSG00000084453.17,SLCO1A2,0.1
ENSG00000116701.15,NCF2,0.1
ENSG00000164692.18,COL1A2,0.1
ENSG00000215127.6,SYT14P1,0.1
ENSG00000106785.15,TRIM14,0.1
ENSG00000125898.13,FAM110A,0.1
ENSG00000249207.2,RP11-360F5.1,0.1
ENSG00000215424.10,MCM3AP-AS1,0.1
ENSG00000126003.7,PLAGL2,0.1
ENSG00000143105.7,KCNA10,0.1
ENSG00000124092.13,CTCFL,0.1
ENSG00000174640.15,SLCO2A1,0.1
ENSG00000139540.12,SLC39A5,0.1
ENSG00000162692.12,VCAM1,0.1
ENSG00000173258.13,ZNF483,0.1
ENSG00000196616.14,ADH1B,0.1
ENSG00000146938.16,NLGN4X,0.1
ENSG00000169679.15,BUB1,0.1
ENSG00000196391.11,ZNF774,0.1
ENSG00000081248.12,CACNA1S,0.1
ENSG00000188153.14,COL4A5,0.1
ENSG00000224689.9,ZNF812P,0.1
ENSG00000162620.16,LRRIQ3,0.1
ENSG00000177689.10,MAGEB10,0.1
ENSG00000131981.16,LGALS3,0.1
ENSG00000244002.1,RPSAP39,0.1
ENSG00000279111.2,OR10X1,0.1
ENSG00000131951.11,LRRC9,0.1
ENSG00000138759.20,FRAS1,0.1
ENSG00000171483.13,SSX6P,0.1
ENSG00000176619.13,LMNB2,0.1
ENSG00000006747.15,SCIN,0.1
ENSG00000172769.4,OR5B3,0.1
ENSG00000131759.18,RARA,0.1
ENSG00000157214.14,STEAP2,0.1
ENSG00000258915.1,BHLHB9P1,0.1
ENSG00000167642.13,SPINT2,0.1
ENSG00000179921.15,GPBAR1,0.1
ENSG00000106336.13,FBXO24,0.1
ENSG00000161249.21,DMKN,0.1
ENSG00000179840.5,PIK3CD-AS1,0.08
ENSG00000189132.6,FAM47B,0.08
ENSG00000106991.14,ENG,0.08
ENSG00000183111.12,ARHGEF37,0.08
ENSG00000170345.10,FOS,0.08
ENSG00000288702.1,UGT1A3,0.08
ENSG00000040633.13,PHF23,0.08
ENSG00000172725.14,CORO1B,0.08
ENSG00000118785.15,SPP1,0.08
ENSG00000163220.11,S100A9,0.08
ENSG00000234560.5,OR10G8,0.08
ENSG00000149124.11,GLYAT,0.08
ENSG00000157456.8,CCNB2,0.08
ENSG00000102359.9,SRPX2,0.08
ENSG00000168453.16,HR,0.08
ENSG00000102871.16,TRADD,0.08
ENSG00000130881.14,LRP3,0.08
ENSG00000157637.13,SLC38A10,0.08
ENSG00000172663.9,TMEM134,0.08
ENSG00000106477.20,CEP41,0.08
ENSG00000250329.1,KDELC1P1,0.08
ENSG00000083444.17,PLOD1,0.08
ENSG00000170604.5,IRF2BP1,0.08
ENSG00000111077.18,TNS2,0.08
ENSG00000175938.7,ORAI3,0.08
ENSG00000100726.15,TELO2,0.08
ENSG00000177938.5,CAPZA3,0.08
ENSG00000072571.20,HMMR,0.08
ENSG00000180061.10,TMEM150B,0.08
ENSG00000132932.19,ATP8A2,0.08
ENSG00000196243.5,LINC00615,0.08
ENSG00000188676.13,IDO2,0.08
ENSG00000122490.19,SLC66A2,0.08
ENSG00000260005.6,AC027601.1,0.08
ENSG00000140798.16,ABCC12,0.08
ENSG00000165757.9,JCAD,0.08
ENSG00000075673.12,ATP12A,0.08
ENSG00000261371.6,PECAM1,0.08
ENSG00000273254.1,RP1-100J12.1,0.08
ENSG00000071282.12,LMCD1,0.08
ENSG00000278889.4,OR2S2,0.08
ENSG00000256625.1,RP11-582E3.4,0.08
ENSG00000135637.14,CCDC142,0.08
ENSG00000128311.14,TST,0.08
ENSG00000144406.19,UNC80,0.08
ENSG00000128309.17,MPST,0.08
ENSG00000174109.5,C16orf91,0.08
ENSG00000106009.16,BRAT1,0.08
ENSG00000166189.8,HPS6,0.08
ENSG00000186891.14,TNFRSF18,0.08
ENSG00000138172.11,CALHM2,0.08
ENSG00000137745.12,MMP13,0.08
ENSG00000168961.17,LGALS9,0.08
ENSG00000236637.4,IFNA4,0.08
ENSG00000188306.6,LRRIQ4,0.08
ENSG00000160908.15,ZNF394,0.08
ENSG00000227513.1,ILRUNP1,0.08
ENSG00000176007.10,FAM220BP,0.08
ENSG00000137824.16,RMDN3,0.06
ENSG00000116748.22,AMPD1,0.06
ENSG00000116703.14,PDC,0.06
ENSG00000122778.10,KIAA1549,0.06
ENSG00000196850.6,PPTC7,0.06
ENSG00000178573.7,MAF,0.06
ENSG00000178950.17,GAK,0.06
ENSG00000203965.13,EFCAB7,0.06
ENSG00000111305.19,GSG1,0.06
ENSG00000148730.7,EIF4EBP2,0.06
ENSG00000181943.5,OR4A21P,0.06
ENSG00000100292.18,HMOX1,0.06
ENSG00000141522.12,ARHGDIA,0.06
ENSG00000141161.12,UNC45B,0.06
ENSG00000139970.17,RTN1,0.06
ENSG00000138813.10,C4orf17,0.06
ENSG00000221869.5,CEBPD,0.06
ENSG00000151150.22,ANK3,0.06
MSTRG.631425,,0.06
ENSG00000063176.16,SPHK2,0.06
ENSG00000157965.12,SSX8P,0.06
ENSG00000140848.17,CPNE2,0.06
ENSG00000114771.14,AADAC,0.06
ENSG00000125089.18,SH3TC1,0.06
ENSG00000080618.17,CPB2,0.06
ENSG00000214706.12,IFRD2,0.06
ENSG00000178695.6,KCTD12,0.06
ENSG00000140548.10,ZNF710,0.06
ENSG00000173769.4,TOPAZ1,0.06
ENSG00000256294.8,ZNF225,0.06
ENSG00000220418.1,TUBB3P1,0.06
ENSG00000171657.6,GPR82,0.06
ENSG00000280247.1,AC005578.3,0.06
ENSG00000162687.19,KCNT2,0.06
ENSG00000181458.10,TMEM45A,0.06
ENSG00000258738.1,RP11-73E17.2,0.06
ENSG00000230146.1,SEPHS1P4,0.06
ENSG00000166670.10,MMP10,0.06
ENSG00000170777.11,TPD52L3,0.06
ENSG00000111981.5,ULBP1,0.06
ENSG00000233276.8,GPX1,0.06
ENSG00000243710.8,CFAP57,0.06
ENSG00000136160.17,EDNRB,0.06
ENSG00000107897.20,ACBD5,0.06
ENSG00000108819.11,PPP1R9B,0.06
ENSG00000169221.14,TBC1D10B,0.06
ENSG00000003989.18,SLC7A2,0.06
ENSG00000079841.18,RIMS1,0.06
ENSG00000241269.1,AC093620.5,0.06
ENSG00000269067.2,ZNF728,0.06
ENSG00000167173.19,C15orf39,0.06
ENSG00000068323.17,TFE3,0.06
ENSG00000102048.16,ASB9,0.06
ENSG00000185340.15,GAS2L1,0.06
ENSG00000160789.24,LMNA,0.06
ENSG00000150893.11,FREM2,0.06
ENSG00000115598.10,IL1RL2,0.06
ENSG00000215835.2,RP11-9L18.2,0.04
ENSG00000141441.16,GAREM1,0.04
ENSG00000078902.16,TOLLIP,0.04
ENSG00000254738.1,MRGPRX11P,0.04
ENSG00000082438.18,COBLL1,0.04
ENSG00000183090.5,FREM3,0.04
ENSG00000182287.15,AP1S2,0.04
ENSG00000111247.15,RAD51AP1,0.04
ENSG00000241149.3,ZNF722P,0.04
ENSG00000100147.14,CCDC134,0.04
ENSG00000204930.10,FAM221B,0.04
ENSG00000125901.6,MRPS26,0.04
ENSG00000203740.4,METTL11B,0.04
ENSG00000178988.11,MRFAP1L1,0.04
ENSG00000182718.18,ANXA2,0.04
ENSG00000171121.16,KCNMB3,0.04
ENSG00000175334.8,BANF1,0.04
ENSG00000126062.4,TMEM115,0.04
ENSG00000080293.10,SCTR,0.04
ENSG00000186638.17,KIF24,0.04
ENSG00000162594.16,IL23R,0.04
ENSG00000203734.13,ECT2L,0.04
ENSG00000186513.4,OR9Q2,0.04
ENSG00000175600.16,SUGCT,0.04
ENSG00000204933.3,CD177P1,0.04
ENSG00000254470.3,AP5B1,0.04
ENSG00000179115.11,FARSA,0.04
ENSG00000162670.11,BRINP3,0.04
ENSG00000125810.10,CD93,0.04
ENSG00000053747.17,LAMA3,0.04
ENSG00000103502.14,CDIPT,0.04
ENSG00000124587.14,PEX6,0.04
ENSG00000204449.3,TRIM49C,0.04
ENSG00000171360.4,KRT38,0.04
ENSG00000110931.19,CAMKK2,0.04
ENSG00000186834.4,HEXIM1,0.04
ENSG00000145975.15,FAM217A,0.04
ENSG00000198951.12,NAGA,0.04
ENSG00000181433.10,SAGE1,0.04
ENSG00000197172.10,MAGEA6,0.04
ENSG00000148346.12,LCN2,0.04
ENSG00000149295.14,DRD2,0.04
ENSG00000112562.19,SMOC2,0.04
ENSG00000112280.18,COL9A1,0.04
MSTRG.742144,,0.04
ENSG00000247315.4,ZCCHC3,0.04
ENSG00000128710.6,HOXD10,0.04
ENSG00000184368.16,MAP7D2,0.04
ENSG00000196350.9,ZNF729,0.04
ENSG00000086570.13,FAT2,0.04
ENSG00000149269.10,PAK1,0.04
ENSG00000065989.16,PDE4A,0.04
ENSG00000196335.13,STK31,0.04
ENSG00000141985.9,SH3GL1,0.04
ENSG00000131386.19,GALNT15,0.04
ENSG00000169248.13,CXCL11,0.04
ENSG00000129911.9,KLF16,0.04
ENSG00000198398.3,TMEM207,0.04
ENSG00000006534.16,ALDH3B1,0.04
ENSG00000146276.12,GABRR1,0.04
ENSG00000128510.12,CPA4,0.04
ENSG00000158825.6,CDA,0.04
ENSG00000154783.12,FGD5,0.04
ENSG00000147100.11,SLC16A2,0.04
ENSG00000167671.12,UBXN6,0.04
ENSG00000180739.14,S1PR5,0.04
ENSG00000148541.13,FAM13C,0.04
ENSG00000154153.15,RETREG1,0.04
MSTRG.377837,,0.04
ENSG00000135636.15,DYSF,0.04
ENSG00000108557.19,RAI1,0.04
ENSG00000128606.13,LRRC17,0.04
ENSG00000231203.1,KRT8P10,0.04
ENSG00000166925.9,TSC22D4,0.04
ENSG00000214263.2,RPSAP53,0.04
ENSG00000138778.13,CENPE,0.04
ENSG00000019582.16,CD74,0.04
ENSG00000123901.9,GPR83,0.04
ENSG00000121236.21,TRIM6,0.04
ENSG00000140519.14,RHCG,0.04
ENSG00000145495.16,MARCHF6,0.04
ENSG00000160703.16,NLRX1,0.04
ENSG00000156886.12,ITGAD,0.04
ENSG00000186310.10,NAP1L3,0.04
ENSG00000137473.19,TTC29,0.04
ENSG00000226342.1,NMD3P1,0.04
ENSG00000131711.15,MAP1B,0.04
ENSG00000168071.22,CCDC88B,0.04
ENSG00000205409.3,OR52E6,0.04
ENSG00000205403.14,CFI,0.04
ENSG00000099783.12,HNRNPM,0.04
ENSG00000176716.5,OR10AB1P,0.04
ENSG00000121413.13,ZSCAN18,0.04
ENSG00000104856.14,RELB,0.04
ENSG00000099804.9,CDC34,0.04
ENSG00000153165.19,RGPD3,0.04
ENSG00000205693.4,MANSC4,0.04
ENSG00000136928.7,GABBR2,0.04
ENSG00000161921.17,CXCL16,0.04
ENSG00000155495.9,MAGEC1,0.04
ENSG00000146530.14,VWDE,0.04
ENSG00000164484.12,TMEM200A,0.04
ENSG00000168356.13,SCN11A,0.04
MSTRG.524880,,0.04
ENSG00000091128.13,LAMB4,0.04
ENSG00000102290.23,PCDH11X,0.04
ENSG00000085563.15,ABCB1,0.04
ENSG00000130414.13,NDUFA10,0.04
ENSG00000135298.15,ADGRB3,0.04
ENSG00000229809.9,ZNF688,0.04
ENSG00000149218.5,ENDOD1,0.04
MSTRG.178176,,0.04
ENSG00000136930.13,PSMB7,0.02
ENSG00000165078.13,CPA6,0.02
ENSG00000101425.14,BPI,0.02
ENSG00000124731.13,TREM1,0.02
ENSG00000221867.9,MAGEA3,0.02
ENSG00000156113.24,KCNMA1,0.02
ENSG00000070159.14,PTPN3,0.02
ENSG00000235500.2,SNX19P2,0.02
ENSG00000163945.19,UVSSA,0.02
ENSG00000136848.17,DAB2IP,0.02
ENSG00000278318.5,ZNF229,0.02
ENSG00000203690.13,TCP10L3,0.02
ENSG00000173124.14,ACSM6,0.02
ENSG00000173442.13,EHBP1L1,0.02
ENSG00000121903.15,ZSCAN20,0.02
ENSG00000235690.2,CUBNP3,0.02
ENSG00000198785.7,GRIN3A,0.02
ENSG00000112981.5,NME5,0.02
ENSG00000113396.13,SLC27A6,0.02
ENSG00000173812.11,EIF1,0.02
ENSG00000258525.2,RP11-829H16.3,0.02
ENSG00000056998.20,GYG2,0.02
ENSG00000165194.15,PCDH19,0.02
ENSG00000142731.11,PLK4,0.02
ENSG00000188611.17,ASAH2,0.02
ENSG00000101084.18,RAB5IF,0.02
ENSG00000255072.2,PIGY,0.02
ENSG00000142657.21,PGD,0.02
ENSG00000180068.10,OR3A4P,0.02
ENSG00000277481.2,PKD1L3,0.02
ENSG00000198796.7,ALPK2,0.02
ENSG00000236396.8,SLC35G4,0.02
ENSG00000182308.7,DCAF4L1,0.02
ENSG00000275945.1,EIF3FP1,0.02
ENSG00000163833.8,FBXO40,0.02
ENSG00000075886.11,TUBA3D,0.02
ENSG00000173262.12,SLC2A14,0.02
ENSG00000277925.1,Telomerase-vert,0.02
ENSG00000258316.1,KLF17P1,0.02
ENSG00000225594.1,AC098826.4,0.02
ENSG00000136830.12,NIBAN2,0.02
ENSG00000226723.2,RP11-142L4.3,0.02
ENSG00000221844.2,DPP3P2,0.02
ENSG00000165124.18,SVEP1,0.02
ENSG00000122367.20,LDB3,0.02
ENSG00000152595.16,MEPE,0.02
ENSG00000203914.4,HSP90B3P,0.02
ENSG00000154553.16,PDLIM3,0.02
ENSG00000137161.17,CNPY3,0.02
ENSG00000163092.21,XIRP2,0.02
ENSG00000187498.16,COL4A1,0.02
ENSG00000181616.10,OR52H1,0.02
ENSG00000143549.21,TPM3,0.02
ENSG00000163154.6,TNFAIP8L2,0.02
ENSG00000156521.14,TYSND1,0.02
ENSG00000280094.2,OR1B1,0.02
ENSG00000102243.13,VGLL1,0.02
ENSG00000123485.12,HJURP,0.02
ENSG00000123405.14,NFE2,0.02
ENSG00000260809.1,VPS35P1,0.02
ENSG00000137573.14,SULF1,0.02
ENSG00000187391.22,MAGI2,0.02
ENSG00000141434.12,MEP1B,0.02
ENSG00000198173.5,FAM47C,0.02
ENSG00000102271.14,KLHL4,0.02
ENSG00000068885.15,IFT80,0.02
ENSG00000189108.13,IL1RAPL2,0.02
ENSG00000187546.14,AGMO,0.02
ENSG00000255582.1,OR10G2,0.02
ENSG00000189139.6,FSCB,0.02
ENSG00000064042.18,LIMCH1,0.02
ENSG00000078618.22,NRDC,0.02
ENSG00000111644.8,ACRBP,0.02
ENSG00000153086.14,ACMSD,0.02
ENSG00000153802.12,TMPRSS11D,0.02
ENSG00000111786.9,SRSF9,0.02
ENSG00000111816.8,FRK,0.02
ENSG00000135312.7,HTR1B,0.02
ENSG00000153779.11,TGIF2LX,0.02
ENSG00000153786.13,ZDHHC7,0.02
ENSG00000065183.16,WDR3,0.02
ENSG00000163218.15,PGLYRP4,0.02
ENSG00000189184.12,PCDH18,0.02
ENSG00000279968.3,CCDC28A-AS1,0.02
ENSG00000181074.5,OR52N4,0.02
ENSG00000141873.11,SLC39A3,0.02
ENSG00000224781.1,EIF4A2P4,0.02
ENSG00000135736.6,CCDC102A,0.02
ENSG00000123066.9,MED13L,0.02
ENSG00000123064.13,DDX54,0.02
ENSG00000182022.18,CHST15,0.02
ENSG00000101812.15,H2BW2,0.02
ENSG00000181333.12,HEPHL1,0.02
ENSG00000203933.3,CXorf66,0.02
ENSG00000189241.8,TSPYL1,0.02
ENSG00000058453.17,CROCC,0.02
ENSG00000228466.1,TUBB4AP1,0.02
ENSG00000163354.15,DCST2,0.02
ENSG00000261071.1,RP1-223E5.4,0.02
ENSG00000101871.16,MID1,0.02
ENSG00000144061.14,NPHP1,0.02
ENSG00000172640.4,OR10AD1,0.02
ENSG00000152804.11,HHEX,0.02
ENSG00000171700.14,RGS19,0.02
ENSG00000101890.5,GUCY2F,0.02
ENSG00000119711.13,ALDH6A1,0.02
ENSG00000134769.23,DTNA,0.02
ENSG00000152910.19,CNTNAP4,0.02
ENSG00000189195.15,BTBD8,0.02
ENSG00000123165.9,ACTRT1,0.02
ENSG00000112214.11,FHL5,0.02
ENSG00000182168.15,UNC5C,0.02
ENSG00000067182.8,TNFRSF1A,0.02
ENSG00000164935.6,DCSTAMP,0.02
ENSG00000257171.2,RP11-754I20.3,0.02
ENSG00000101951.17,PAGE4,0.02
ENSG00000149782.13,PLCB3,0.02
ENSG00000197748.13,CFAP43,0.02
ENSG00000136541.15,ERMN,0.02
ENSG00000158486.13,DNAH3,0.02
ENSG00000185304.15,RGPD2,0.02
ENSG00000104804.8,TULP2,0.02
ENSG00000184611.12,KCNH7,0.02
ENSG00000253731.3,PCDHGA6,0.02
ENSG00000185963.14,BICD2,0.02
ENSG00000251501.1,RP11-466J24.1,0.02
ENSG00000147160.9,AWAT2,0.02
ENSG00000133105.8,RXFP2,0.02
ENSG00000170364.12,SETMAR,0.02
ENSG00000233247.3,UBE2E4P,0.02
ENSG00000129824.16,RPS4Y1,0.02
ENSG00000129810.15,SGO1,0.02
ENSG00000229519.2,RP11-58A11.2,0.02
ENSG00000183255.12,PTTG1IP,0.02
ENSG00000091844.8,RGS17,0.02
ENSG00000263887.7,RP11-51L5.5,0.02
ENSG00000169031.21,COL4A3,0.02
ENSG00000178654.11,PPIAP33,0.02
ENSG00000166073.11,GPR176,0.02
ENSG00000178172.7,SPINK6,0.02
ENSG00000115221.12,ITGB6,0.02
ENSG00000271254.6,ENSG00000271254,0.02
ENSG00000042980.13,ADAM28,0.02
ENSG00000175538.11,KCNE3,0.02
ENSG00000196460.14,RFX8,0.02
ENSG00000177548.13,RABEP2,0.02
ENSG00000265973.1,RP11-163O19.16,0.02
ENSG00000213401.10,MAGEA12,0.02
ENSG00000104611.12,SH2D4A,0.02
ENSG00000151572.18,ANO4,0.02
ENSG00000197653.16,DNAH10,0.02
ENSG00000169064.13,ZBBX,0.02
ENSG00000178690.4,DYNAP,0.02
ENSG00000197646.8,PDCD1LG2,0.02
ENSG00000168542.16,COL3A1,0.02
ENSG00000253517.1,XRCC6P4,0.02
ENSG00000126752.8,SSX1,0.02
ENSG00000176697.20,BDNF,0.02
ENSG00000183560.9,IZUMO1R,0.02
ENSG00000253148.1,RGS21,0.02
ENSG00000007080.11,CCDC124,0.02
ENSG00000213694.6,S1PR3,0.02
MSTRG.614849,,0.02
ENSG00000176087.16,SLC35A4,0.02
ENSG00000169896.18,ITGAM,0.02
ENSG00000197415.12,VEPH1,0.02
ENSG00000166473.17,PKD1L2,0.02
MSTRG.290375,,0.02
ENSG00000115504.15,EHBP1,0.02
ENSG00000161671.17,EMC10,0.02
ENSG00000007376.8,RPUSD1,0.02
ENSG00000159167.12,STC1,0.02
ENSG00000108179.14,PPIF,0.02
ENSG00000159166.15,LAD1,0.02
ENSG00000168916.16,ZNF608,0.02
ENSG00000146950.13,SHROOM2,0.02
ENSG00000129170.10,CSRP3,0.02
ENSG00000132793.12,LPIN3,0.02
ENSG00000085276.19,MECOM,0.02
ENSG00000253415.1,RP11-44N12.4,0.02
ENSG00000178209.16,PLEC,0.02
ENSG00000178462.12,TUBAL3,0.02
ENSG00000106304.16,SPAM1,0.02
ENSG00000196576.16,PLXNB2,0.02
ENSG00000107890.17,ANKRD26,0.02
ENSG00000106263.18,EIF3B,0.02
ENSG00000108312.15,UBTF,0.02
ENSG00000147081.15,AKAP4,0.02
ENSG00000177674.16,AGTRAP,0.02
ENSG00000197405.8,C5AR1,0.02
ENSG00000129151.9,BBOX1,0.02
ENSG00000109511.12,ANXA10,0.02
ENSG00000117877.11,POLR1G,0.02
ENSG00000205784.4,ARRDC5,0.02
ENSG00000095627.9,TDRD1,0.02
ENSG00000005381.8,MPO,0.02
ENSG00000117362.13,APH1A,0.02
ENSG00000159495.8,TGM7,0.02
MSTRG.428577,,0.02
ENSG00000171169.9,NAIF1,0.02
ENSG00000050030.16,NEXMIF,0.02
ENSG00000213203.3,GIMAP1,0.02
MSTRG.846835,,0.02
ENSG00000100077.15,GRK3,0.02
ENSG00000162621.7,LRRC53,0.02
ENSG00000285816.1,RP11-867O8.9,0.02
ENSG00000171051.9,FPR1,0.02
ENSG00000128683.14,GAD1,0.02
ENSG00000147481.17,SNTG1,0.02
ENSG00000171105.14,INSR,0.02
ENSG00000169228.14,RAB24,0.02
ENSG00000144655.15,CSRNP1,0.02
ENSG00000183864.5,TOB2,0.02
ENSG00000144671.11,SLC22A14,0.02
ENSG00000090382.7,LYZ,0.02
ENSG00000234259.3,CTC-507E12.1,0.02
ENSG00000182578.14,CSF1R,0.02
ENSG00000132205.11,EMILIN2,0.02
ENSG00000284800.1,RP11-353J17.5,0.02
ENSG00000243955.6,GSTA1,0.02
MSTRG.385611,,0.02
ENSG00000147573.17,TRIM55,0.02
ENSG00000111144.10,LTA4H,0.02
ENSG00000144395.18,CCDC150,0.02
ENSG00000001630.17,CYP51A1,0.02
ENSG00000134343.14,ANO3,0.02
MSTRG.858624,,0.02
ENSG00000115828.17,QPCT,0.02
ENSG00000107186.17,MPDZ,0.02
ENSG00000134297.6,PLEKHA8P1,0.02
ENSG00000146385.1,TAAR8,0.02
ENSG00000171223.6,JUNB,0.02
ENSG00000119408.17,NEK6,0.02
ENSG00000081800.9,SLC13A1,0.02
ENSG00000186111.11,PIP5K1C,0.02
ENSG00000160753.16,RUSC1,0.02
ENSG00000107404.20,DVL1,0.02
ENSG00000168334.9,XIRP1,0.02
ENSG00000170927.15,PKHD1,0.02
ENSG00000004399.13,PLXND1,0.02
ENSG00000106648.14,GALNTL5,0.02
ENSG00000158869.11,FCER1G,0.02
ENSG00000130764.10,LRRC47,0.02
ENSG00000175489.10,LRRC25,0.02
ENSG00000162444.12,RBP7,0.02
ENSG00000139370.12,SLC15A4,0.02
ENSG00000138658.16,ZGRF1,0.02
ENSG00000046651.16,OFD1,0.02
ENSG00000106692.15,FKTN,0.02
ENSG00000167216.18,KATNAL2,0.02
ENSG00000167208.15,SNX20,0.02
ENSG00000185669.6,SNAI3,0.02
ENSG00000104321.11,TRPA1,0.02
ENSG00000091129.21,NRCAM,0.02
